City_ID,City,Country,Date,Lat,Lng,Max Temp,Humidity,Cloudiness,Wind Speed
0,Shirokiy,RU,2022-08-08 19:36:29,49.758,129.523,51.19,93,30,6.64
1,Mataura,NZ,2022-08-08 19:36:30,-46.1927,168.8643,34.48,82,8,6.26
2,Kamogawa,JP,2022-08-08 19:36:30,35.1,140.1,82.13,87,100,16.87
3,Busselton,AU,2022-08-08 19:36:31,-33.65,115.3333,47.93,84,96,13.73
4,Kununurra,AU,2022-08-08 19:36:14,-15.7667,128.7333,66.18,88,0,4.61
5,Saldanha,ZA,2022-08-08 19:36:32,-33.0117,17.9442,51.85,82,100,8.16
6,Aketi,CD,2022-08-08 19:36:32,2.7388,23.7833,71.28,90,85,1.43
7,Biak,ID,2022-08-08 19:36:32,-0.9131,122.8766,75.04,85,87,4.61
8,Jamestown,US,2022-08-08 19:33:55,42.097,-79.2353,84.94,65,100,14.97
9,Tuktoyaktuk,CA,2022-08-08 19:36:33,69.4541,-133.0374,59.0,72,75,18.41
10,Indramayu,ID,2022-08-08 19:36:33,-6.3264,108.32,76.59,73,12,7.43
11,Pervomayskoye,RU,2022-08-08 19:36:34,43.919,46.7102,73.38,51,82,3.89
12,Doka,SD,2022-08-08 19:36:34,13.5167,35.7667,71.85,85,100,7.72
13,Thompson,CA,2022-08-08 19:36:34,55.7435,-97.8558,80.76,44,75,11.5
14,Arraial Do Cabo,BR,2022-08-08 19:36:35,-22.9661,-42.0278,75.16,83,100,5.75
15,Hilo,US,2022-08-08 19:36:35,19.7297,-155.09,82.27,96,100,8.05
16,Atuona,PF,2022-08-08 19:36:35,-9.8,-139.0333,77.9,72,28,15.95
17,Yellowknife,CA,2022-08-08 19:36:36,62.456,-114.3525,64.92,52,40,9.22
18,Cape Town,ZA,2022-08-08 19:36:36,-33.9258,18.4232,56.91,84,0,4.61
19,Butaritari,KI,2022-08-08 19:36:37,3.0707,172.7902,80.19,81,84,13.67
20,Lagoa,PT,2022-08-08 19:36:37,39.05,-27.9833,73.67,81,17,15.14
21,Mahebourg,MU,2022-08-08 19:36:37,-20.4081,57.7,70.09,78,40,6.91
22,Cherskiy,RU,2022-08-08 19:36:38,68.75,161.3,53.8,45,92,8.01
23,Huarmey,PE,2022-08-08 19:36:38,-10.0681,-78.1522,67.87,69,6,12.95
24,Albany,US,2022-08-08 19:35:46,42.6001,-73.9662,94.39,60,74,1.01
25,Olyka,UA,2022-08-08 19:36:39,50.7186,25.8125,66.92,74,98,4.12
26,Okhotsk,RU,2022-08-08 19:36:39,59.3833,143.3,57.7,80,96,13.02
27,Bosaso,SO,2022-08-08 19:36:39,11.2842,49.1816,89.46,50,34,3.67
28,Victoria,HK,2022-08-08 19:35:31,22.2855,114.1577,80.65,89,98,10.0
29,Punta Arenas,CL,2022-08-08 19:36:40,-53.15,-70.9167,37.51,81,75,5.75
30,Hjorring,DK,2022-08-08 19:36:40,57.4642,9.9823,60.28,90,8,7.67
31,Bengkulu,ID,2022-08-08 19:36:40,-3.8004,102.2655,75.9,88,80,7.92
32,New Norfolk,AU,2022-08-08 19:36:41,-42.7826,147.0587,34.72,86,6,2.8
33,Berdigestyakh,RU,2022-08-08 19:36:41,62.0989,126.6992,51.64,90,100,7.65
34,East London,ZA,2022-08-08 19:36:42,-33.0153,27.9116,62.2,81,89,5.08
35,Qaanaaq,GL,2022-08-08 19:31:58,77.484,-69.3632,39.63,57,62,3.98
36,Mount Pleasant,US,2022-08-08 19:36:42,32.7941,-79.8626,89.98,71,40,5.75
37,Nelson Bay,AU,2022-08-08 19:36:42,-32.7167,152.15,53.01,97,93,11.01
38,Blagoyevo,RU,2022-08-08 19:36:43,63.3667,47.9167,54.81,69,100,3.22
39,Chokurdakh,RU,2022-08-08 19:36:43,70.6333,147.9167,56.97,43,92,5.41
40,Vallenar,CL,2022-08-08 19:36:43,-28.5708,-70.7581,73.06,14,0,3.56
41,Acapulco,MX,2022-08-08 19:36:44,16.8634,-99.8901,85.82,70,20,5.75
42,Keita,NE,2022-08-08 19:36:44,14.7551,5.7749,82.54,69,100,9.42
43,Wakkanai,JP,2022-08-08 19:36:44,45.4094,141.6739,69.6,94,68,11.36
44,Christchurch,NZ,2022-08-08 19:37:45,-43.5333,172.6333,36.91,89,75,5.75
45,Kangaatsiaq,GL,2022-08-08 19:37:45,68.3065,-53.4641,40.68,92,100,10.92
46,Avarua,CK,2022-08-08 19:37:46,-21.2078,-159.775,71.65,78,75,10.36
47,Asau,RO,2022-08-08 19:37:46,46.4333,26.4,70.72,83,3,5.32
48,Waingapu,ID,2022-08-08 19:37:50,-9.6567,120.2641,74.43,87,8,5.99
49,Romano Di Lombardia,IT,2022-08-08 19:37:51,45.5246,9.7484,84.0,61,4,2.3
50,Broken Hill,AU,2022-08-08 19:37:51,-31.95,141.4333,44.83,60,1,4.99
51,Rikitea,PF,2022-08-08 19:37:52,-23.1203,-134.9692,72.91,79,100,25.93
52,Alice Springs,AU,2022-08-08 19:37:52,-23.7,133.8833,41.22,53,3,0.0
53,Coolum Beach,AU,2022-08-08 19:37:52,-26.5333,153.1,49.33,80,2,6.96
54,Toul,FR,2022-08-08 19:37:53,48.6667,5.9167,79.72,27,0,6.91
55,Petropavlovsk-Kamchatskiy,RU,2022-08-08 19:37:53,53.0452,158.6483,52.39,100,100,0.0
56,Lorengau,PG,2022-08-08 19:37:54,-2.0226,147.2712,80.51,80,85,9.69
57,Vostok,RU,2022-08-08 19:37:54,46.4856,135.8833,52.47,98,4,5.91
58,Ushuaia,AR,2022-08-08 19:33:51,-54.8,-68.3,40.66,52,20,9.22
59,Siloam Springs,US,2022-08-08 19:37:54,36.1881,-94.5405,96.3,49,0,15.01
60,Dikson,RU,2022-08-08 19:37:55,73.5069,80.5464,42.69,97,100,19.71
61,Phalombe,MW,2022-08-08 19:37:55,-15.8064,35.6507,63.21,55,0,2.77
62,Clyde River,CA,2022-08-08 19:37:55,70.4692,-68.5914,46.63,87,75,23.02
63,Lebu,CL,2022-08-08 19:37:56,-37.6167,-73.65,50.45,76,0,12.12
64,Georgetown,MY,2022-08-08 19:36:50,5.4112,100.3354,81.9,84,20,3.44
65,Chimore,BO,2022-08-08 19:37:56,-16.9833,-65.1333,70.47,97,98,3.94
66,Maningrida,AU,2022-08-08 19:37:57,-12.0667,134.2667,65.23,90,10,9.93
67,Khatanga,RU,2022-08-08 19:37:57,71.9667,102.5,56.1,95,100,7.9
68,Elda,ES,2022-08-08 19:37:58,38.4778,-0.7916,80.91,68,0,3.98
69,Kargasok,RU,2022-08-08 19:37:58,59.0556,80.8572,55.99,77,58,5.79
70,Talnakh,RU,2022-08-08 19:37:58,69.4865,88.3972,63.21,96,61,5.46
71,Bumba,CD,2022-08-08 19:37:59,2.1833,22.4667,73.35,87,97,1.77
72,Lahat,ID,2022-08-08 19:37:59,-3.8,103.5333,74.8,88,96,1.39
73,Puerto Ayora,EC,2022-08-08 19:35:54,-0.7393,-90.3518,76.96,85,39,7.0
74,Bereslavka,RU,2022-08-08 19:37:59,48.6254,44.0449,74.17,37,4,9.08
75,Bambous Virieux,MU,2022-08-08 19:38:00,-20.3428,57.7575,70.05,78,40,6.91
76,Walvis Bay,NA,2022-08-08 19:33:40,-22.9575,14.5053,56.35,82,6,1.14
77,Tonantins,BR,2022-08-08 19:38:00,-2.8731,-67.8022,88.27,58,80,2.59
78,Hamilton,US,2022-08-08 19:35:09,39.1834,-84.5333,92.75,68,40,14.97
79,Ikongo,MG,2022-08-08 19:38:01,-21.8833,47.4333,60.53,96,53,1.81
80,Bluff,NZ,2022-08-08 19:38:01,-46.6,168.3333,34.81,68,2,17.36
81,Ostrovnoy,RU,2022-08-08 19:38:02,68.0531,39.5131,48.47,90,64,8.52
82,Port Alfred,ZA,2022-08-08 19:38:02,-33.5906,26.891,58.17,97,42,2.55
83,Saint-Augustin,CA,2022-08-08 19:38:03,51.226,-58.6502,64.09,50,100,12.41
84,Batagay-Alyta,RU,2022-08-08 19:38:03,67.8006,130.4114,53.15,83,94,3.2
85,Quatre Cocos,MU,2022-08-08 19:38:04,-20.2078,57.7625,69.91,76,4,13.27
86,Sangar,RU,2022-08-08 19:38:04,63.9242,127.4739,52.88,85,56,2.01
87,Poum,NC,2022-08-08 19:38:05,-20.2333,164.0167,71.44,72,90,20.38
88,Esperance,AU,2022-08-08 19:38:05,-33.8667,121.9,51.66,86,100,10.58
89,Bredasdorp,ZA,2022-08-08 19:34:16,-34.5322,20.0403,54.18,95,100,4.88
90,Nizhneudinsk,RU,2022-08-08 19:39:06,54.9076,99.0276,53.62,83,24,1.83
91,Port Lincoln,AU,2022-08-08 19:39:07,-34.7333,135.8667,51.26,73,0,10.11
92,Sawang Daen Din,TH,2022-08-08 19:39:07,17.4753,103.4575,76.17,99,100,6.06
93,Nikolskoye,RU,2022-08-08 19:39:08,59.7035,30.7861,57.79,96,96,1.99
94,Port Elizabeth,ZA,2022-08-08 19:38:26,-33.918,25.5701,61.11,99,0,1.14
95,Taoudenni,ML,2022-08-08 19:39:09,22.6783,-3.9836,107.04,9,0,11.18
96,Bilibino,RU,2022-08-08 19:39:10,68.0546,166.4372,48.25,56,44,3.27
97,Asosa,ET,2022-08-08 19:39:10,10.0667,34.5333,61.12,94,99,3.0
98,Jiamusi,CN,2022-08-08 19:38:30,46.8333,130.35,57.56,78,0,10.42
99,Mitu,CO,2022-08-08 19:39:10,1.1983,-70.1733,78.98,81,100,1.14
100,Sarishabari,BD,2022-08-08 19:39:11,24.7333,89.8333,81.18,86,7,13.09
101,Tasiilaq,GL,2022-08-08 19:39:11,65.6145,-37.6368,42.96,98,100,4.27
102,Sao Filipe,CV,2022-08-08 19:39:12,14.8961,-24.4956,78.96,84,100,7.67
103,Longyearbyen,SJ,2022-08-08 19:39:12,78.2186,15.6401,49.84,71,75,13.8
104,Vaini,TO,2022-08-08 19:39:12,-21.2,-175.2,75.36,94,20,9.22
105,Kaitangata,NZ,2022-08-08 19:39:13,-46.2817,169.8464,35.78,77,38,8.52
106,Flinders,AU,2022-08-08 19:39:14,-34.5833,150.8552,50.38,79,56,12.41
107,San Patricio,US,2022-08-08 19:39:14,28.017,-97.5169,93.09,39,8,15.97
108,Cidreira,BR,2022-08-08 19:39:14,-30.1811,-50.2056,58.66,89,100,14.9
109,Fowa,NG,2022-08-08 19:39:15,8.9167,6.4,74.73,91,87,3.06
110,Upernavik,GL,2022-08-08 19:39:15,72.7868,-56.1549,43.34,75,100,5.82
111,Coihaique,CL,2022-08-08 19:39:15,-45.5752,-72.0662,46.35,46,100,5.75
112,Vila Franca Do Campo,PT,2022-08-08 19:34:46,37.7167,-25.4333,70.21,86,57,6.17
113,Khash,IR,2022-08-08 19:39:16,28.2211,61.2158,84.52,16,64,7.27
114,Emerald,AU,2022-08-08 19:39:16,-23.5333,148.1667,47.48,66,0,9.66
115,Shenxian,CN,2022-08-08 19:39:17,36.2411,115.6672,73.78,96,100,10.76
116,Severo-Kurilsk,RU,2022-08-08 19:39:17,50.6789,156.125,55.72,95,100,15.41
117,Semnan,IR,2022-08-08 19:39:18,35.5729,53.3971,93.04,21,0,2.3
118,Coffs Harbour,AU,2022-08-08 19:39:18,-30.3,153.1333,49.96,76,0,10.36
119,Dawson Creek,CA,2022-08-08 19:39:19,55.7666,-120.2362,65.84,39,75,3.44
120,Narsaq,GL,2022-08-08 19:39:19,60.9167,-46.05,61.02,68,100,5.23
121,Ulladulla,AU,2022-08-08 19:39:19,-35.35,150.4667,48.24,88,98,11.27
122,Bethel,US,2022-08-08 19:39:20,41.3712,-73.414,93.88,63,75,9.22
123,Kapaa,US,2022-08-08 19:39:20,22.0752,-159.319,82.11,69,0,12.66
124,San Mariano,PH,2022-08-08 19:39:21,7.5,126.0,71.19,95,100,2.15
125,Hobart,AU,2022-08-08 19:39:21,-42.8794,147.3294,35.06,94,1,5.75
126,Mustasaari,FI,2022-08-08 19:39:22,63.1142,21.6822,55.89,76,0,2.3
127,Ilulissat,GL,2022-08-08 19:39:22,69.2167,-51.1,44.62,93,75,4.61
128,Pakdasht,IR,2022-08-08 19:39:22,35.4752,51.6807,87.8,23,2,4.94
129,Los Llanos De Aridane,ES,2022-08-08 19:39:23,28.6585,-17.9182,71.35,78,75,12.66
130,Luderitz,NA,2022-08-08 19:39:23,-26.6481,15.1594,57.07,75,29,6.38
131,Makakilo City,US,2022-08-08 19:36:12,21.3469,-158.0858,82.18,61,40,13.8
132,Provideniya,RU,2022-08-08 19:39:23,64.3833,-173.3,40.3,68,94,7.94
133,Zhigalovo,RU,2022-08-08 19:40:24,54.8097,105.1578,50.29,95,32,0.85
134,Lompoc,US,2022-08-08 19:39:53,34.6391,-120.4579,80.74,67,0,18.01
135,Mount Isa,AU,2022-08-08 19:40:25,-20.7333,139.5,46.17,42,0,0.0
136,Dosso,NE,2022-08-08 19:40:25,13.049,3.1937,83.07,70,100,12.24
137,Maunabo,PR,2022-08-08 19:40:25,18.0072,-65.8993,89.51,75,12,16.51
138,Kavieng,PG,2022-08-08 19:40:26,-2.5744,150.7967,80.6,79,88,11.1
139,Mecca,SA,2022-08-08 19:36:48,21.4267,39.8261,89.82,60,36,11.72
140,Barcelos,PT,2022-08-08 19:39:26,41.5388,-8.6151,71.92,89,2,1.28
141,Jiangyou,CN,2022-08-08 19:40:27,31.7667,104.7167,77.85,89,100,2.84
142,Karasuk,RU,2022-08-08 19:40:27,53.7377,78.0403,60.71,86,91,8.41
143,Rio Gallegos,AR,2022-08-08 19:40:28,-51.6226,-69.2181,42.85,56,0,12.66
144,Krasnoselkup,RU,2022-08-08 19:40:28,65.7,82.4667,65.59,75,100,8.7
145,Nuuk,GL,2022-08-08 19:40:28,64.1835,-51.7216,41.61,87,100,5.75
146,Te Anau,NZ,2022-08-08 19:40:29,-45.4167,167.7167,20.53,96,89,1.39
147,Saint George,US,2022-08-08 19:38:41,37.1041,-113.5841,103.62,20,0,4.0
148,Ariquemes,BR,2022-08-08 19:40:29,-9.9133,-63.0408,93.78,38,93,1.54
149,Ribeira Grande,PT,2022-08-08 19:40:30,38.5167,-28.7,75.6,83,40,8.05
150,Chimbote,PE,2022-08-08 19:40:30,-9.0853,-78.5783,65.8,73,4,12.19
151,Chuy,UY,2022-08-08 19:40:30,-33.6971,-53.4616,52.57,73,100,10.07
152,Jiquinlaca,HN,2022-08-08 19:40:31,14.0,-88.35,83.59,61,100,5.46
153,Grimshaw,CA,2022-08-08 19:40:31,56.1834,-117.6027,67.62,37,40,18.41
154,Jagalur,IN,2022-08-08 19:40:32,14.5333,76.35,70.56,88,100,21.27
155,Abay,KZ,2022-08-08 19:37:18,49.6311,72.8539,53.98,78,56,6.51
156,Ulyanovsk,RU,2022-08-08 19:40:32,54.0,48.0,68.88,69,88,1.03
157,Berbera,SO,2022-08-08 19:40:32,10.4396,45.0143,90.88,52,73,10.69
158,La Ronge,CA,2022-08-08 19:40:33,55.1001,-105.2842,77.25,38,40,16.11
159,Mbandaka,CD,2022-08-08 19:40:33,0.0487,18.2603,76.41,59,8,0.89
160,Mineros,BO,2022-08-08 19:40:34,-17.1167,-63.2333,74.08,72,88,8.41
161,Chapais,CA,2022-08-08 19:40:34,49.7834,-74.8492,60.58,93,100,5.3
162,Kottagudem,IN,2022-08-08 19:40:02,17.55,80.6333,75.6,92,100,11.7
163,Geraldton,AU,2022-08-08 19:40:35,-28.7667,114.6,57.61,62,40,17.27
164,Taseyevo,RU,2022-08-08 19:40:35,57.2169,94.8978,54.07,91,18,0.92
165,Codrington,AU,2022-08-08 19:40:35,-38.2667,141.9667,41.36,86,7,6.91
166,Visby,SE,2022-08-08 19:40:36,57.6409,18.296,58.82,82,7,0.0
167,Hithadhoo,MV,2022-08-08 19:40:36,-0.6,73.0833,81.86,66,100,2.04
168,Sabha,LY,2022-08-08 19:40:36,27.0377,14.4283,89.62,19,0,10.04
169,Pangai,TO,2022-08-08 19:40:37,-19.8,-174.35,77.11,94,20,11.5
170,Mikhaylovka,RU,2022-08-08 19:40:37,50.06,43.2379,72.7,46,0,6.91
171,Nouadhibou,MR,2022-08-08 19:40:37,20.931,-17.0347,73.8,85,3,10.45
172,Ermelo,ZA,2022-08-08 19:40:38,-26.5333,29.9833,46.24,42,0,4.7
173,Umm Lajj,SA,2022-08-08 19:40:38,25.0213,37.2685,91.65,56,40,4.45
174,Sampit,ID,2022-08-08 19:40:38,-2.5333,112.95,72.32,95,49,1.03
175,Kinkala,CG,2022-08-08 19:40:39,-4.3614,14.7644,75.38,52,75,4.29
176,Tessalit,ML,2022-08-08 19:40:39,20.1986,1.0114,104.74,12,82,6.82
177,Oistins,BB,2022-08-08 19:36:26,13.0667,-59.5333,82.49,89,75,19.57
178,Port Hardy,CA,2022-08-08 19:40:40,50.6996,-127.4199,62.78,72,75,10.36
179,Arroyo,ES,2022-08-08 19:40:40,41.6096,-4.7969,91.44,23,0,3.44
180,Saint-Philippe,RE,2022-08-08 19:40:41,-21.3585,55.7679,65.79,78,40,9.89
181,Naze,JP,2022-08-08 19:40:41,28.3667,129.4833,81.52,76,58,5.7
182,Shetpe,KZ,2022-08-08 19:41:41,44.1667,52.1167,76.78,45,100,11.72
183,Hermanus,ZA,2022-08-08 19:41:42,-34.4187,19.2345,56.8,85,100,2.44
184,Mandalgovi,MN,2022-08-08 19:41:42,45.7625,106.2708,62.62,60,4,2.84
185,Vestmanna,FO,2022-08-08 19:41:42,62.1564,-7.1664,50.92,100,100,9.22
186,Saskylakh,RU,2022-08-08 19:41:43,71.9167,114.0833,52.47,86,100,9.15
187,Tetouan,MA,2022-08-08 19:41:43,35.5711,-5.3724,75.97,69,0,6.91
188,Cabo San Lucas,MX,2022-08-08 19:41:44,22.8909,-109.9124,94.3,61,100,11.39
189,Banjarmasin,ID,2022-08-08 19:41:44,-3.3244,114.591,75.34,90,39,2.19
190,Bathsheba,BB,2022-08-08 19:41:45,13.2167,-59.5167,83.01,89,75,19.57
191,Srednekolymsk,RU,2022-08-08 19:41:45,67.45,153.6833,66.16,55,10,5.82
192,Maumere,ID,2022-08-08 19:41:45,-8.6199,122.2111,77.16,84,80,4.68
193,Kabare,CD,2022-08-08 19:41:46,-2.4683,28.8242,63.48,65,45,1.5
194,Marzuq,YE,2022-08-08 19:41:46,14.4,46.4667,80.56,60,57,3.49
195,Kroya,ID,2022-08-08 19:41:47,-7.6331,109.2461,76.08,84,97,4.99
196,Pevek,RU,2022-08-08 19:41:47,69.7008,170.3133,35.28,83,18,10.92
197,Methoni,GR,2022-08-08 19:41:47,36.8197,21.7049,83.21,59,10,4.47
198,Lavrentiya,RU,2022-08-08 19:41:47,65.5833,-171.0,39.42,86,100,12.1
199,Beya,RU,2022-08-08 19:41:48,53.0533,90.9139,59.11,74,98,2.44
200,Utevka,RU,2022-08-08 19:41:48,52.9035,50.9495,70.47,65,100,5.08
201,North Myrtle Beach,US,2022-08-08 19:40:47,33.816,-78.68,90.09,74,0,10.36
202,Yining,CN,2022-08-08 19:41:49,29.0361,114.5636,77.9,88,62,2.35
203,Macau,MO,2022-08-08 19:41:49,22.2006,113.5461,82.13,83,20,14.97
204,Slave Lake,CA,2022-08-08 19:38:13,55.2834,-114.769,66.18,55,0,19.57
205,San Andres,CO,2022-08-08 19:37:42,12.5847,-81.7006,86.02,79,100,9.22
206,San Cristobal,VE,2022-08-08 19:41:50,7.7669,-72.225,86.18,45,8,8.01
207,Gigmoto,PH,2022-08-08 19:41:50,13.7796,124.39,78.58,83,57,2.08
208,Takoradi,GH,2022-08-08 19:41:51,4.8845,-1.7554,74.35,84,26,10.51
209,Kilinochchi,LK,2022-08-08 19:41:51,9.3961,80.3982,79.7,80,100,17.4
210,Joshimath,IN,2022-08-08 19:41:51,30.5667,79.5667,69.51,82,19,2.84
211,Souillac,MU,2022-08-08 19:41:52,-20.5167,57.5167,70.18,78,40,6.91
212,Kodiak,US,2022-08-08 19:41:52,57.79,-152.4072,62.11,67,100,3.44
213,Colquiri,BO,2022-08-08 19:41:52,-17.4167,-67.1333,41.7,55,89,11.63
214,Cairns,AU,2022-08-08 19:38:26,-16.9167,145.7667,70.11,87,75,9.22
215,Praia Da Vitoria,PT,2022-08-08 19:41:53,38.7333,-27.0667,77.25,78,20,8.5
216,Ketchikan,US,2022-08-08 19:41:53,55.3422,-131.6461,64.87,59,20,10.36
217,Castro,BR,2022-08-08 19:41:54,-24.7911,-50.0119,62.69,83,100,3.22
218,Papagaios,BR,2022-08-08 19:41:54,-19.4492,-44.7478,80.87,35,90,11.01
219,Kralendijk,BQ,2022-08-08 19:41:54,12.15,-68.2667,87.78,70,75,13.8
220,Chapada Dos Guimaraes,BR,2022-08-08 19:41:55,-15.4606,-55.7497,80.26,46,96,2.37
221,Hofn,IS,2022-08-08 19:41:55,64.2539,-15.2082,51.82,93,100,16.11
222,Barrow,US,2022-08-08 19:41:55,71.2906,-156.7887,44.62,70,0,14.97
223,Kalianget,ID,2022-08-08 19:41:56,-7.05,113.9333,78.89,84,75,8.01
224,Namatanai,PG,2022-08-08 19:41:56,-3.6667,152.4333,77.65,83,33,3.96
225,Sakaiminato,JP,2022-08-08 19:41:56,35.55,133.2333,78.78,94,20,5.75
226,Faanui,PF,2022-08-08 19:41:57,-16.4833,-151.75,76.42,63,100,19.48
227,Schladming,AT,2022-08-08 19:41:57,47.3929,13.687,58.53,100,90,2.19
228,Vardo,NO,2022-08-08 19:41:57,70.3705,31.1107,49.98,81,0,8.05
229,Erenhot,CN,2022-08-08 19:41:58,43.6475,111.9767,69.87,63,0,7.29
230,Airai,TL,2022-08-08 19:41:58,-8.9266,125.4092,56.84,77,51,3.09
231,Cayenne,GF,2022-08-08 19:42:59,4.9333,-52.3333,86.09,38,75,4.61
232,Pimenta Bueno,BR,2022-08-08 19:43:01,-11.6725,-61.1936,95.97,30,65,3.0
233,Hauterive,FR,2022-08-08 19:43:02,46.0901,3.4459,75.96,33,0,3.04
234,Ponta Do Sol,PT,2022-08-08 19:43:02,32.6667,-17.1,74.71,76,0,4.32
235,Salinopolis,BR,2022-08-08 19:43:03,-0.6136,-47.3561,82.42,75,18,13.51
236,Casa Nova,BR,2022-08-08 19:43:03,-9.4167,-41.1333,86.47,36,33,13.0
237,Gat,IL,2022-08-08 19:43:03,31.61,34.7642,80.82,100,0,5.06
238,Richards Bay,ZA,2022-08-08 19:43:04,-28.783,32.0377,65.21,80,70,14.92
239,Dzhebariki-Khaya,RU,2022-08-08 19:43:04,62.2167,135.8,61.79,67,100,3.18
240,Leningradskiy,RU,2022-08-08 19:43:05,69.3833,178.4167,34.86,82,39,3.65
241,Price,US,2022-08-08 19:43:05,39.5994,-110.8107,90.66,8,0,14.97
242,Warren,US,2022-08-08 19:41:19,39.4334,-84.1666,92.05,65,40,18.41
243,Chaohu,CN,2022-08-08 19:43:06,31.6,117.8667,85.35,68,100,4.29
244,Miri,MY,2022-08-08 19:43:06,4.4148,114.0089,77.14,100,20,2.3
245,Komsomolskiy,UZ,2022-08-08 19:43:06,40.4272,71.7189,84.92,23,0,9.22
246,Ixtapa,MX,2022-08-08 19:43:07,20.7,-105.2,87.03,62,100,6.91
247,Coruripe,BR,2022-08-08 19:43:08,-10.1256,-36.1756,74.26,72,12,6.53
248,Athabasca,CA,2022-08-08 19:43:08,54.7169,-113.2854,70.21,40,1,20.38
249,Lata,PT,2022-08-08 19:43:08,40.1629,-8.3327,66.33,78,0,3.71
250,Neckarsulm,DE,2022-08-08 19:43:09,49.1928,9.2261,76.35,42,6,5.97
251,Port Blair,IN,2022-08-08 19:43:09,11.6667,92.75,80.64,83,40,8.05
252,Uniontown,US,2022-08-08 19:43:10,39.9001,-79.7164,88.21,33,94,1.01
253,Dingli,MT,2022-08-08 19:43:10,35.8614,14.3822,82.81,78,0,1.14
254,Maarianhamina,AX,2022-08-08 19:43:10,60.0973,19.9348,53.46,87,0,1.14
255,Progress,US,2022-08-08 19:43:11,40.2851,-76.8314,94.87,53,0,12.66
256,Taubate,BR,2022-08-08 19:43:11,-23.0264,-45.5553,71.1,68,40,5.75
257,Sabla,NG,2022-08-08 19:43:12,12.7525,4.7077,76.33,90,100,11.27
258,Ahipara,NZ,2022-08-08 19:43:12,-35.1667,173.1667,51.78,87,20,1.23
259,Sambava,MG,2022-08-08 19:43:13,-14.2667,50.1667,69.66,82,26,11.59
260,Torbay,CA,2022-08-08 19:43:13,47.6666,-52.7314,65.75,81,100,12.66
261,Yambio,SS,2022-08-08 19:43:14,4.5721,28.3955,68.56,95,78,0.58
262,Amos,CA,2022-08-08 19:43:00,48.5669,-78.1162,51.98,98,100,9.15
263,Paramonga,PE,2022-08-08 19:43:15,-10.6667,-77.8333,65.7,73,12,12.84
264,Ituporanga,BR,2022-08-08 19:43:16,-27.4144,-49.6025,62.47,84,73,5.06
265,Laguna,US,2022-08-08 19:43:16,38.421,-121.4238,88.14,43,0,8.05
266,Bull Savanna,JM,2022-08-08 19:43:17,17.8868,-77.5902,85.51,62,95,17.52
267,Nishihara,JP,2022-08-08 19:43:17,26.1842,127.7558,84.25,81,40,6.91
268,Nanortalik,GL,2022-08-08 19:43:18,60.1432,-45.2371,45.66,82,100,6.26
269,South Daytona,US,2022-08-08 19:43:18,29.1658,-81.0045,91.27,74,75,13.8
270,Bonham,US,2022-08-08 19:43:18,33.5773,-96.1783,101.53,38,75,9.22
271,Natchez,US,2022-08-08 19:43:19,31.5604,-91.4032,92.25,58,40,6.91
272,Half Moon Bay,US,2022-08-08 19:39:03,37.4636,-122.4286,80.58,66,100,14.97
273,Tautira,PF,2022-08-08 19:43:20,-17.7333,-149.15,75.02,61,16,13.4
274,Suruc,TR,2022-08-08 19:43:20,36.9761,38.425,79.43,60,0,11.95
275,Labuhan,ID,2022-08-08 19:43:21,-6.8844,112.2051,76.3,84,89,9.55
276,Waipawa,NZ,2022-08-08 19:44:23,-41.4122,175.5153,46.67,86,100,16.78
277,Shunyi,CN,2022-08-08 19:44:24,40.125,116.6453,69.75,88,100,4.47
278,Katsuura,JP,2022-08-08 19:44:24,35.1333,140.3,81.18,87,100,20.07
279,Shakiso,ET,2022-08-08 19:44:24,5.75,38.9167,58.33,82,98,1.41
280,Norman Wells,CA,2022-08-08 19:39:26,65.282,-126.8329,60.84,67,20,4.61
281,Melo,UY,2022-08-08 19:44:25,-32.3667,-54.1833,53.92,77,100,13.94
282,Bani,DO,2022-08-08 19:44:25,18.2833,-70.3333,87.24,62,100,16.33
283,Salamiyah,SY,2022-08-08 19:44:26,35.0113,37.0532,72.82,67,0,14.0
284,Taltal,CL,2022-08-08 19:44:26,-25.4,-70.4833,61.14,66,24,4.45
285,Cedar City,US,2022-08-08 19:44:27,37.6775,-113.0619,85.17,20,0,3.44
286,Boa Vista,BR,2022-08-08 19:44:27,2.8197,-60.6733,93.18,43,40,6.91
287,Aykhal,RU,2022-08-08 19:44:28,66.0,111.5,45.68,89,100,1.95
288,Road Town,VG,2022-08-08 19:44:28,18.4167,-64.6167,89.69,74,75,11.5
289,Ulverstone,AU,2022-08-08 19:44:29,-41.15,146.1667,42.19,85,15,1.99
290,Xining,CN,2022-08-08 19:44:29,36.6167,101.7667,64.06,90,68,1.72
291,Chifeng,CN,2022-08-08 19:42:18,42.2683,118.9636,68.36,47,100,2.33
292,Nha Trang,VN,2022-08-08 19:44:30,12.25,109.1833,78.8,90,100,4.68
293,Carnarvon,AU,2022-08-08 19:44:30,-24.8667,113.6333,64.36,61,32,16.75
294,Brae,GB,2022-08-08 19:44:30,60.3964,-1.353,55.92,98,100,11.16
295,Shimoda,JP,2022-08-08 19:44:31,34.6667,138.95,79.11,89,100,12.35
296,Rorvik,NO,2022-08-08 19:44:31,64.8621,11.2373,60.78,82,40,2.3
297,Alofi,NU,2022-08-08 19:44:31,-19.0595,-169.9187,73.29,88,40,8.05
298,Beinamar,TD,2022-08-08 19:44:32,8.6698,15.3813,72.05,93,92,3.67
299,Faya,SA,2022-08-08 19:44:32,18.3851,42.4509,68.11,68,70,2.77
300,Mocuba,MZ,2022-08-08 19:44:32,-16.8392,36.9856,62.87,83,0,2.57
301,Fortuna,US,2022-08-08 19:44:33,40.5982,-124.1573,72.93,69,75,6.91
302,Aban,RU,2022-08-08 19:44:33,56.67,96.06,54.79,85,40,3.27
303,Lircay,PE,2022-08-08 19:44:34,-12.9896,-74.7205,54.73,61,82,4.25
304,Jambi,ID,2022-08-08 19:44:34,-1.6,103.6167,74.08,90,79,3.42
305,Semirom,IR,2022-08-08 19:44:34,31.4167,51.5667,78.03,28,83,12.66
306,Jizan,SA,2022-08-08 19:44:35,17.3333,42.6667,83.34,69,100,3.09
307,Hay River,CA,2022-08-08 19:44:35,60.8156,-115.7999,57.18,94,100,14.97
308,Pacasmayo,PE,2022-08-08 19:44:35,-7.4006,-79.5714,66.83,70,13,15.1
309,Mar Del Plata,AR,2022-08-08 19:40:18,-38.0023,-57.5575,50.02,80,0,11.5
310,Saravan,AM,2022-08-08 19:44:36,39.7196,45.6483,60.85,81,26,6.31
311,Muzhi,RU,2022-08-08 19:44:36,65.3667,64.6667,60.73,65,37,12.39
312,Iberia,US,2022-08-08 19:44:37,29.9502,-91.7507,91.98,69,20,6.91
313,Hobyo,SO,2022-08-08 19:44:37,5.3505,48.5268,76.26,80,26,25.84
314,Rawson,AR,2022-08-08 19:44:37,-43.3002,-65.1023,49.33,58,91,12.86
315,Edd,ER,2022-08-08 19:44:38,13.9297,41.6925,89.01,67,100,4.63
316,Namibe,AO,2022-08-08 19:44:38,-15.1961,12.1522,64.6,85,86,3.56
317,Itarema,BR,2022-08-08 19:44:39,-2.9248,-39.9167,79.92,70,21,18.3
318,Domna,RU,2022-08-08 19:44:39,51.8971,113.1573,51.04,76,3,2.24
319,Gizo,SB,2022-08-08 19:44:39,-8.103,156.8419,80.71,77,83,3.91
320,Port Shepstone,ZA,2022-08-08 19:44:40,-30.7414,30.455,65.12,82,72,15.88
321,Mandurah,AU,2022-08-08 19:44:40,-32.55,115.7,50.92,77,100,25.23
322,Tura,IN,2022-08-08 19:44:40,25.5198,90.2201,74.52,94,15,4.9
323,Abu Kamal,SY,2022-08-08 19:45:44,34.4506,40.9171,93.27,15,0,5.08
324,Ballina,AU,2022-08-08 19:45:44,-28.8667,153.5667,49.78,88,51,10.71
325,Strezhevoy,RU,2022-08-08 19:45:44,60.7333,77.5889,60.58,91,97,4.16
326,Sitka,US,2022-08-08 19:45:45,57.0531,-135.33,58.89,77,75,0.0
327,Muroto,JP,2022-08-08 19:45:45,33.2833,134.15,83.07,82,100,8.59
328,Manzanillo,CU,2022-08-08 19:45:46,20.3433,-77.1167,91.33,54,85,4.32
329,Tortoli,IT,2022-08-08 19:45:46,39.9256,9.6572,80.42,78,20,10.36
330,Kalakamati,BW,2022-08-08 19:45:46,-20.5929,27.3121,66.2,28,0,3.29
331,Viking,CA,2022-08-08 19:45:47,53.1001,-111.7684,73.26,45,60,18.52
332,Caravelas,BR,2022-08-08 19:45:47,-17.7125,-39.2481,74.62,69,7,10.47
333,Maceio,BR,2022-08-08 19:44:04,-9.6658,-35.7353,81.84,61,20,11.5
334,Olafsvik,IS,2022-08-08 19:45:48,64.8945,-23.7142,52.25,91,100,12.93
335,Zhigansk,RU,2022-08-08 19:45:48,66.7697,123.3711,52.66,83,81,6.06
336,Hami,CN,2022-08-08 19:45:48,42.8,93.45,84.74,27,0,8.1
337,Lasa,IT,2022-08-08 19:45:49,46.6166,10.7002,74.28,77,5,3.22
338,Gatesville,US,2022-08-08 19:45:49,31.4352,-97.7439,102.31,33,0,9.48
339,Tumut,AU,2022-08-08 19:45:49,-35.3,148.2167,37.06,91,7,3.04
340,Oskarshamn,SE,2022-08-08 19:45:50,57.2645,16.4484,61.99,75,40,3.51
341,Aklavik,CA,2022-08-08 19:45:51,68.2191,-135.0107,66.47,43,99,11.03
342,Kavalerovo,RU,2022-08-08 19:45:51,44.2661,135.0572,58.08,91,61,3.6
343,Csengele,HU,2022-08-08 19:45:52,46.5423,19.8636,76.01,56,93,7.7
344,Bandarbeyla,SO,2022-08-08 19:45:52,9.4942,50.8122,76.3,80,74,30.98
345,Najran,SA,2022-08-08 19:45:52,17.4924,44.1277,88.45,35,99,3.02
346,Hasaki,JP,2022-08-08 19:44:56,35.7333,140.8333,81.0,86,100,20.42
347,Isiro,CD,2022-08-08 19:45:53,2.7739,27.616,66.88,92,42,0.13
348,Bibiani,GH,2022-08-08 19:45:54,6.4635,-2.3194,74.55,79,100,2.28
349,Tigre,AR,2022-08-08 19:45:54,-34.426,-58.5796,57.34,69,40,13.8
350,Jega,NG,2022-08-08 19:45:54,12.2175,4.3792,76.98,91,100,4.03
351,Bronnoysund,NO,2022-08-08 19:45:55,65.4625,12.1997,57.2,77,75,5.01
352,High Rock,BS,2022-08-08 19:45:55,26.6208,-78.2833,89.62,66,11,11.18
353,Southbridge,US,2022-08-08 19:42:03,42.0751,-72.0334,95.36,66,96,3.0
354,Khandyga,RU,2022-08-08 19:45:56,62.6667,135.6,60.46,72,99,3.06
355,Suphan Buri,TH,2022-08-08 19:45:56,14.4742,100.1222,73.72,97,100,7.99
356,Peniche,PT,2022-08-08 19:45:56,39.3558,-9.3811,69.3,86,9,6.38
357,Muros,ES,2022-08-08 19:45:57,42.7762,-9.0603,81.68,79,2,2.33
358,Ribas Do Rio Pardo,BR,2022-08-08 19:45:57,-20.4431,-53.7592,79.54,58,100,4.09
359,Banda Aceh,ID,2022-08-08 19:45:57,5.5577,95.3222,78.96,77,100,13.09
360,Sabang,ID,2022-08-08 19:45:58,5.8933,95.3214,82.22,76,100,20.85
361,Barabai,ID,2022-08-08 19:45:58,-2.5833,115.3833,73.04,88,47,1.77
362,Grootfontein,NA,2022-08-08 19:45:58,-19.5667,18.1167,58.57,33,0,3.44
363,Kutum,SD,2022-08-08 19:45:59,14.2,24.6667,75.24,64,92,11.32
364,Beringovskiy,RU,2022-08-08 19:45:59,63.05,179.3167,47.82,62,96,4.61
365,Jalu,LY,2022-08-08 19:45:59,29.0331,21.5482,86.86,39,0,16.87
366,Korla,CN,2022-08-08 19:46:00,41.7597,86.1469,87.58,24,88,2.35
367,Alihe,CN,2022-08-08 19:46:00,50.5667,123.7167,56.52,60,56,10.92
368,Sao Gabriel Da Cachoeira,BR,2022-08-08 19:46:00,-0.1303,-67.0892,89.4,62,75,4.61
369,Qiryat Gat,IL,2022-08-08 19:45:03,31.61,34.7642,80.82,100,0,5.06
370,Pushkinskiye Gory,RU,2022-08-08 19:47:02,57.0209,28.9103,54.75,92,83,3.71
371,Kuala Terengganu,MY,2022-08-08 19:47:02,5.3302,103.1408,78.49,86,99,5.21
372,Ornskoldsvik,SE,2022-08-08 19:47:03,63.2909,18.7153,56.35,71,45,3.44
373,Ust-Tsilma,RU,2022-08-08 19:47:03,65.441,52.1498,59.95,56,100,5.93
374,West Odessa,US,2022-08-08 19:47:04,31.8424,-102.4988,94.41,33,40,12.66
375,Guayaramerin,BO,2022-08-08 19:47:04,-10.8368,-65.3614,78.85,78,75,6.91
376,Coahuayana,MX,2022-08-08 19:47:05,18.7333,-103.6833,87.62,64,92,4.03
377,Raudeberg,NO,2022-08-08 19:47:05,61.9875,5.1352,56.95,68,100,21.97
378,Riyadh,SA,2022-08-08 19:43:04,24.6877,46.7219,102.34,18,71,8.28
379,Capao Bonito,BR,2022-08-08 19:47:06,-24.0058,-48.3494,65.64,84,100,4.21
380,Hit,IQ,2022-08-08 19:47:06,33.6416,42.8251,95.58,19,0,9.84
381,Berlevag,NO,2022-08-08 19:47:06,70.8578,29.0864,51.8,76,100,11.5
382,Nueva Loja,EC,2022-08-08 19:47:07,0.0847,-76.8828,71.62,100,75,8.05
383,Saint-Joseph,RE,2022-08-08 19:47:07,-21.3667,55.6167,64.78,80,18,9.89
384,Leh,IN,2022-08-08 19:47:08,34.1667,77.5833,66.52,50,67,6.42
385,The Valley,AI,2022-08-08 19:47:08,18.217,-63.0578,86.14,66,20,18.41
386,Kabompo,ZM,2022-08-08 19:47:09,-13.5927,24.2008,62.82,27,0,6.26
387,Krasnoye,UA,2022-08-08 19:47:09,49.9145,24.6134,64.27,69,100,5.19
388,Palmerston,AU,2022-08-08 19:47:10,-12.486,130.9833,72.88,91,6,3.44
389,Vila Nova De Milfontes,PT,2022-08-08 19:47:10,37.7238,-8.7828,68.25,84,0,5.99
390,Cheremukhovo,RU,2022-08-08 19:47:11,60.3484,59.9851,65.64,75,42,3.11
391,Tunceli,TR,2022-08-08 19:47:11,39.1083,39.5471,79.45,31,0,4.81
392,Itoman,JP,2022-08-08 19:47:12,26.1247,127.6694,84.97,82,20,6.91
393,Saint-Francois,FR,2022-08-08 19:47:12,46.4154,3.9054,74.64,33,0,4.61
394,Mount Gambier,AU,2022-08-08 19:47:13,-37.8333,140.7667,40.91,100,100,0.0
395,Langarud,IR,2022-08-08 19:47:13,37.197,50.1535,73.45,84,85,5.97
396,Tiarei,PF,2022-08-08 19:47:14,-17.5333,-149.3333,77.02,60,9,14.43
397,Victoria Point,AU,2022-08-08 19:47:14,-27.5833,153.3,52.34,90,3,6.64
398,Kavaratti,IN,2022-08-08 19:47:15,10.5669,72.642,80.67,83,100,23.26
399,Klaksvik,FO,2022-08-08 19:47:15,62.2266,-6.589,52.72,86,100,7.94
400,Roma,US,2022-08-08 19:45:36,43.2128,-75.4557,89.96,76,20,8.05
401,Whitehorse,CA,2022-08-08 19:47:12,60.7161,-135.0538,60.03,53,75,10.36
402,Halifax,CA,2022-08-08 19:42:47,44.6453,-63.5724,72.68,83,100,8.99
403,Bay Roberts,CA,2022-08-08 19:43:18,47.5999,-53.2648,66.51,80,100,14.0
404,Kumo,NG,2022-08-08 19:47:16,10.0447,11.2122,72.9,85,92,3.33
405,Aksarka,RU,2022-08-08 19:47:16,66.5606,67.7975,57.33,92,21,14.83
406,Luz,BR,2022-08-08 19:47:17,-19.8014,-45.6856,77.34,42,91,12.75
407,Sojitra,IN,2022-08-08 19:47:17,22.55,72.7167,82.29,85,100,7.67
408,Xichang,CN,2022-08-08 19:47:18,27.8964,102.2634,65.26,93,38,0.85
409,Ylivieska,FI,2022-08-08 19:47:18,64.0833,24.55,50.88,86,48,1.97
410,Morondava,MG,2022-08-08 19:47:19,-20.2833,44.2833,70.54,83,0,7.74
411,Kruisfontein,ZA,2022-08-08 19:48:19,-34.0033,24.7314,59.88,91,0,3.85
412,Port-Gentil,GA,2022-08-08 19:48:20,-0.7193,8.7815,75.16,78,75,10.36
413,Bayan,CN,2022-08-08 19:48:20,46.0833,127.4,55.6,84,0,8.59
414,Teguise,ES,2022-08-08 19:48:21,29.0605,-13.564,71.82,73,20,13.8
415,Tougue,GN,2022-08-08 19:48:21,11.4667,-11.6,71.26,93,6,0.49
416,Chunskiy,RU,2022-08-08 19:48:22,56.0815,99.6342,55.54,88,74,1.28
417,Kupang,ID,2022-08-08 19:48:22,-10.1667,123.5833,75.07,87,24,8.46
418,Ulaangom,MN,2022-08-08 19:48:23,49.9811,92.0667,65.39,47,100,3.38
419,Nandura,IN,2022-08-08 19:48:23,20.8333,76.45,76.42,87,100,10.13
420,Baykit,RU,2022-08-08 19:48:23,61.67,96.37,58.19,78,100,2.66
421,Vao,NC,2022-08-08 19:48:24,-22.6667,167.4833,69.55,66,99,18.79
422,Acari,PE,2022-08-08 19:48:24,-15.4311,-74.6158,71.02,57,33,8.95
423,Shestakovo,RU,2022-08-08 19:48:24,56.4915,103.96,53.2,93,99,3.29
424,Los Banos,PH,2022-08-08 19:48:25,14.1667,121.1833,75.79,95,99,3.67
425,Bayevo,RU,2022-08-08 19:48:25,53.2833,80.7667,62.02,77,89,8.81
426,Padang,ID,2022-08-08 19:48:26,-0.9492,100.3543,76.14,85,19,3.67
427,Skogn,NO,2022-08-08 19:48:26,63.7,11.2,60.19,85,100,1.74
428,Tiznit,MA,2022-08-08 19:48:27,29.5833,-9.5,70.97,52,0,6.26
429,Stephenville Crossing,CA,2022-08-08 19:48:27,48.5,-58.4318,68.22,59,75,12.66
430,Sosnogorsk,RU,2022-08-08 19:48:28,63.6023,53.8817,57.33,70,47,3.02
431,Tiksi,RU,2022-08-08 19:48:28,71.6872,128.8694,48.24,96,100,1.88
432,Llanes,ES,2022-08-08 19:48:28,43.4198,-4.7549,70.86,81,58,1.25
433,Tucurui,BR,2022-08-08 19:48:29,-3.7661,-49.6725,92.59,38,62,4.21
434,Wick,GB,2022-08-08 19:48:29,58.4333,-3.0833,62.65,82,100,8.05
435,Camacha,PT,2022-08-08 19:48:29,33.0833,-16.3333,69.22,64,40,13.8
436,Weston,US,2022-08-08 19:43:35,26.1004,-80.3998,92.01,60,40,13.8
437,Winnemucca,US,2022-08-08 19:48:30,40.973,-117.7357,96.85,16,0,8.05
438,Ancud,CL,2022-08-08 19:48:31,-41.8697,-73.8203,49.23,70,55,6.93
439,College,US,2022-08-08 19:48:31,64.8569,-147.8028,53.58,92,100,5.75
440,Belison,PH,2022-08-08 19:48:31,10.8384,121.9605,77.52,84,95,4.36
441,Lysva,RU,2022-08-08 19:48:32,58.1086,57.8053,64.58,81,36,1.59
442,Meulaboh,ID,2022-08-08 19:43:53,4.1363,96.1285,75.51,88,100,4.38
443,Red Deer,CA,2022-08-08 19:48:32,52.2668,-113.802,72.09,49,0,16.11
444,Avera,US,2022-08-08 19:48:33,33.194,-82.5271,91.54,43,43,5.53
445,Yar-Sale,RU,2022-08-08 19:48:33,66.8333,70.8333,60.53,78,58,18.68
446,Antsohihy,MG,2022-08-08 19:48:33,-14.8796,47.9875,70.86,62,47,9.4
447,Holalkere,IN,2022-08-08 19:48:34,14.0333,76.1833,69.98,90,100,21.9
448,Riverton,US,2022-08-08 19:48:34,40.5219,-111.9391,91.89,22,0,5.99
449,Linjiang,CN,2022-08-08 19:48:34,41.8069,126.9078,58.01,95,94,1.36
450,Staryy Nadym,RU,2022-08-08 19:48:35,65.6118,72.6842,71.19,53,7,9.62
451,Port Macquarie,AU,2022-08-08 19:48:35,-31.4333,152.9167,41.9,86,4,11.59
452,Pringsewu,ID,2022-08-08 19:48:36,-5.3582,104.9744,72.12,96,42,3.62
453,Manta,EC,2022-08-08 19:48:36,-0.95,-80.7333,76.78,73,100,9.22
454,Bartica,GY,2022-08-08 19:48:36,6.4,-58.6167,84.52,70,100,5.5
455,Mason City,US,2022-08-08 19:48:37,43.1536,-93.201,75.56,62,40,8.05
456,Gallipoli,TR,2022-08-08 19:48:37,40.4103,26.6708,82.26,62,0,17.2
457,Naples,IT,2022-08-08 19:46:06,40.8333,14.25,84.81,45,20,8.05
458,Hambantota,LK,2022-08-08 19:49:37,6.1241,81.1185,77.95,83,92,16.15
459,Pagudpud,PH,2022-08-08 19:49:38,18.5616,120.7868,77.61,81,100,3.02
460,Severnyy,RU,2022-08-08 19:49:38,50.677,36.5532,71.64,60,0,6.71
461,Moldava Nad Bodvou,SK,2022-08-08 19:49:38,48.6143,20.9996,69.94,70,98,20.71
462,Coquimbo,CL,2022-08-08 19:49:39,-29.9533,-71.3436,60.53,63,0,13.8
463,Leshukonskoye,RU,2022-08-08 19:49:39,64.8989,45.7622,52.83,74,88,4.99
464,Lar,IN,2022-08-08 19:49:40,26.2039,83.9717,86.86,67,65,11.54
465,High Prairie,CA,2022-08-08 19:49:40,55.4334,-116.4858,67.24,38,3,14.38
466,Bunia,CD,2022-08-08 19:49:41,1.5667,30.25,65.62,80,38,2.06
467,Touba,CI,2022-08-08 19:49:42,8.2833,-7.6833,72.77,85,81,4.43
468,Sal Rei,CV,2022-08-08 19:49:42,16.1833,-22.9167,82.6,74,40,6.91
469,Stettler,CA,2022-08-08 19:49:43,52.3168,-112.7186,74.95,73,17,9.22
470,Morant Bay,JM,2022-08-08 19:49:43,17.8815,-76.4093,85.62,65,46,12.1
471,Gijon,ES,2022-08-08 19:49:44,43.5357,-5.6615,71.83,88,100,5.99
472,Novikovo,RU,2022-08-08 19:49:44,51.1537,37.8879,73.96,42,65,2.93
473,Tual,ID,2022-08-08 19:49:44,-5.6667,132.75,80.01,82,86,23.0
474,Kathu,TH,2022-08-08 19:49:44,7.9178,98.3332,87.75,66,100,10.8
475,Nantucket,US,2022-08-08 19:49:45,41.2835,-70.0995,86.05,74,20,17.27
476,Oriximina,BR,2022-08-08 19:49:45,-1.7656,-55.8661,90.9,46,98,3.78
477,Inirida,CO,2022-08-08 19:49:45,3.8653,-67.9239,84.43,75,91,2.89
478,Marienburg,PL,2022-08-08 19:49:46,54.0359,19.0266,65.88,70,100,5.41
479,Eucaliptus,BO,2022-08-08 19:49:46,-17.5833,-67.5167,49.84,52,87,17.18
480,Vestmannaeyjar,IS,2022-08-08 19:49:47,63.4427,-20.2734,52.79,93,100,23.02
481,Boffa,GN,2022-08-08 19:49:47,10.1667,-14.0333,77.5,92,80,6.26
482,Dudinka,RU,2022-08-08 19:49:48,69.4058,86.1778,63.63,94,8,6.13
483,Sisimiut,GL,2022-08-08 19:49:48,66.9395,-53.6735,44.06,85,94,11.43
484,Whyalla,AU,2022-08-08 19:49:48,-33.0333,137.5833,49.35,59,0,5.06
485,Sussex,US,2022-08-08 19:49:05,41.1834,-74.6663,96.08,51,0,11.5
486,Anadyr,RU,2022-08-08 19:49:49,64.75,177.4833,43.3,75,0,6.71
487,Vila Velha,BR,2022-08-08 19:49:49,-20.3297,-40.2925,80.55,75,40,14.97
488,Kochkurovo,RU,2022-08-08 19:49:49,54.0358,45.4184,68.31,60,38,3.42
489,Sorland,NO,2022-08-08 19:49:02,67.667,12.6934,55.26,86,100,23.8
490,Nanakuli,US,2022-08-08 19:49:50,21.3906,-158.1547,83.43,61,40,10.36
491,Wageningen,NL,2022-08-08 19:49:50,51.9667,5.6667,68.09,71,7,8.05
492,Birao,CF,2022-08-08 19:49:50,10.2849,22.7882,72.9,91,77,3.91
493,Pisco,PE,2022-08-08 19:49:51,-13.7,-76.2167,66.25,68,0,16.11
494,Haines Junction,CA,2022-08-08 19:49:51,60.7522,-137.5108,57.15,54,100,8.05
495,Tabou,CI,2022-08-08 19:49:52,4.423,-7.3528,74.75,81,97,8.59
496,Seoul,KR,2022-08-08 19:49:52,37.5683,126.9778,78.4,100,100,3.44
497,Ugoofaaru,MV,2022-08-08 19:49:52,5.6667,73.0,81.05,84,100,16.08
498,Manakara,MG,2022-08-08 19:49:53,-22.1333,48.0167,64.83,86,16,2.82
499,Portland,US,2022-08-08 19:47:20,45.5234,-122.6762,84.16,43,20,5.75
500,Bentiu,SS,2022-08-08 19:49:53,9.2333,29.8333,71.96,97,100,5.17
501,Oksfjord,NO,2022-08-08 19:49:53,70.2396,22.3479,53.67,87,100,5.57
502,Russell,US,2022-08-08 19:45:18,32.3502,-85.1999,91.38,58,0,3.44
503,Verkhnyaya Inta,RU,2022-08-08 19:49:54,65.9811,60.3094,52.93,85,30,7.7
504,Gaoual,GN,2022-08-08 19:49:54,11.75,-13.2,76.86,96,99,4.76
505,Santa Isabel Do Rio Negro,BR,2022-08-08 19:49:55,-0.4139,-65.0192,86.25,59,90,2.46
506,Buala,SB,2022-08-08 19:49:55,-8.145,159.5921,78.98,82,81,5.82
507,Hirara,JP,2022-08-08 19:50:56,24.8,125.2833,84.11,75,1,6.87
508,Port Moresby,PG,2022-08-08 19:50:56,-9.4431,147.1797,72.82,88,0,11.5
509,Jumla,NP,2022-08-08 19:50:56,29.2747,82.1838,63.5,89,87,0.96
510,Tigil,RU,2022-08-08 19:50:57,57.8,158.6667,60.15,62,7,1.95
511,Aden,YE,2022-08-08 19:50:35,12.7794,45.0367,86.07,75,100,5.03
512,Hualmay,PE,2022-08-08 19:50:57,-11.0964,-77.6139,65.61,73,23,11.95
513,Fairbanks,US,2022-08-08 19:50:57,64.8378,-147.7164,53.6,92,100,5.75
514,Colac,AU,2022-08-08 19:50:58,-38.3333,143.5833,40.08,91,4,1.16
515,Gamba,GA,2022-08-08 19:50:58,-2.65,10.0,71.04,87,100,5.46
516,Carlsbad,US,2022-08-08 19:49:10,33.1581,-117.3506,99.55,67,0,10.36
517,Pimentel,PE,2022-08-08 19:50:58,-6.8367,-79.9342,70.09,60,0,17.27
518,Kasongo-Lunda,CD,2022-08-08 19:50:59,-6.4667,16.8167,75.99,27,3,1.3
519,Gohpur,IN,2022-08-08 19:50:59,26.8833,93.6333,80.62,93,82,2.44
520,Cap Malheureux,MU,2022-08-08 19:50:59,-19.9842,57.6142,67.46,75,3,5.99
521,Cockburn Town,TC,2022-08-08 19:51:00,21.4612,-71.1419,85.96,66,75,18.41
522,Okato,NZ,2022-08-08 19:51:00,-39.2,173.8833,52.18,74,98,21.0
523,Trelew,AR,2022-08-08 19:51:01,-43.249,-65.3051,50.4,53,84,11.59
524,Zharkent,KZ,2022-08-08 19:51:01,44.1628,80.0,69.1,68,76,5.14
525,Sechura,PE,2022-08-08 19:51:01,-5.5569,-80.8222,75.02,57,21,14.07
526,Karratha,AU,2022-08-08 19:49:09,-20.7377,116.8463,67.33,33,97,11.63
527,Cherkasskoye,RU,2022-08-08 19:51:02,52.4333,47.2167,72.37,51,90,4.54
528,Grants,US,2022-08-08 19:51:02,35.1473,-107.8514,75.43,46,75,13.8
529,Ustyuzhna,RU,2022-08-08 19:51:03,58.8394,36.4321,56.79,68,71,1.99
530,Chulman,RU,2022-08-08 19:51:03,56.8479,124.9104,49.41,99,100,8.12
531,Johi,PK,2022-08-08 19:51:04,26.6921,67.6133,93.16,62,100,2.91
532,Randfontein,ZA,2022-08-08 19:51:04,-26.1844,27.702,52.29,43,0,8.93
533,Clausthal-Zellerfeld,DE,2022-08-08 19:51:04,51.8,10.3333,63.59,53,9,8.99
534,Morehead,US,2022-08-08 19:51:05,37.2711,-87.1764,92.86,60,0,6.91
535,Isangel,VU,2022-08-08 19:51:05,-19.55,169.2667,74.93,84,39,10.42
536,Moree,AU,2022-08-08 19:51:06,-29.4667,149.85,37.42,93,0,2.3
537,Yeppoon,AU,2022-08-08 19:51:06,-23.1333,150.7333,44.38,62,0,5.57
538,Rocha,UY,2022-08-08 19:51:06,-34.4833,-54.3333,52.48,70,38,9.06
539,Olinda,BR,2022-08-08 19:51:07,-8.0089,-34.8553,78.53,65,40,14.97
540,Sidrolandia,BR,2022-08-08 19:51:07,-20.9319,-54.9614,69.01,88,100,3.13
541,Mayskiy,RU,2022-08-08 19:51:07,47.6931,40.1025,80.01,22,2,7.18
542,Taman,RU,2022-08-08 19:51:08,45.2117,36.7161,81.19,59,0,13.67
543,Gusinoye Ozero,RU,2022-08-08 19:51:08,51.1144,106.2614,54.43,70,78,4.25
544,Tarabha,IN,2022-08-08 19:51:09,20.7333,83.65,77.76,90,100,4.9
545,Tarata,BO,2022-08-08 19:51:09,-17.6167,-66.0167,67.42,48,53,4.97
546,Santa Rita,BR,2022-08-08 19:51:11,-7.1139,-34.9781,81.27,69,20,16.11
547,Tawang,IN,2022-08-08 19:51:11,27.5833,91.8667,55.65,91,66,4.72
548,Santa Maria,BR,2022-08-08 19:51:12,-29.6842,-53.8069,58.3,82,100,11.5
549,Tahoua,NE,2022-08-08 19:51:12,14.8888,5.2692,84.09,59,100,12.8
550,Kedrovyy,RU,2022-08-08 19:51:12,56.1667,91.8167,50.41,78,57,2.55
551,Salto,UY,2022-08-08 19:51:13,-31.3833,-57.9667,57.36,77,100,7.0
552,Cradock,ZA,2022-08-08 19:51:13,-32.1642,25.6192,50.4,85,0,0.83
553,Meiktila,MM,2022-08-08 19:51:14,20.8667,95.8667,74.34,91,100,12.44
554,Sinnamary,GF,2022-08-08 19:52:14,5.3833,-52.95,83.08,75,95,12.5
555,Xochihuehuetlan,MX,2022-08-08 19:52:15,17.9167,-98.4333,88.84,33,100,2.37
556,Ambilobe,MG,2022-08-08 19:52:15,-13.2,49.05,66.4,86,33,4.21
557,Fare,PF,2022-08-08 19:52:15,-16.7,-151.0167,76.37,62,81,17.07
558,Wawa,NG,2022-08-08 19:52:16,9.9022,4.4192,75.96,86,100,4.27
559,Kosh-Agach,RU,2022-08-08 19:52:16,50.0,88.6667,54.12,65,100,3.49
560,Miandrivazo,MG,2022-08-08 19:52:17,-19.5167,45.4667,69.82,58,0,0.43
561,Jaumave,MX,2022-08-08 19:52:17,23.4167,-99.3833,90.7,33,32,10.42
562,Beloha,MG,2022-08-08 19:52:18,-25.1667,45.05,66.02,84,21,16.55
563,Roald,NO,2022-08-08 19:52:18,62.5833,6.1333,64.17,77,75,9.22
564,Magadan,RU,2022-08-08 19:52:19,59.5667,150.8,57.92,74,17,3.2
565,Kahului,US,2022-08-08 19:47:22,20.8947,-156.47,84.22,66,40,16.11
566,Darhan,MN,2022-08-08 19:52:19,49.4867,105.9228,58.28,83,95,3.38
567,Port Hedland,AU,2022-08-08 19:52:20,-20.3167,118.5667,57.25,82,26,1.14
568,Zyryanka,RU,2022-08-08 19:52:20,65.75,150.85,68.63,59,9,4.97
569,Alice Town,BS,2022-08-08 19:52:21,25.7167,-79.3,84.06,71,9,13.09
570,Husavik,IS,2022-08-08 19:52:21,66.0449,-17.3389,55.31,68,100,18.32
571,Znamenskoye,RU,2022-08-08 19:52:22,57.1281,73.8282,56.86,81,66,5.3
572,Egyek,HU,2022-08-08 19:52:22,47.6333,20.9,72.99,54,68,10.89
573,Bandon,IE,2022-08-08 19:52:22,51.7469,-8.7425,65.79,70,19,3.27
574,Palmer,US,2022-08-08 19:52:23,42.1584,-72.3287,95.77,55,40,13.8
575,Constitucion,CL,2022-08-08 19:47:45,-35.3333,-72.4167,55.94,65,0,11.18
576,Udachnyy,RU,2022-08-08 19:52:23,66.4167,112.4,43.45,100,100,2.15
577,Novobessergenevka,RU,2022-08-08 19:52:24,47.1847,38.8462,80.02,32,0,8.68
578,Tomiya,JP,2022-08-08 19:52:24,38.3931,140.8861,75.31,84,97,3.89
579,Kisangani,CD,2022-08-08 19:52:24,0.5167,25.2,74.89,74,28,2.01
